text,category_clean,severity_norm,spatial_norm,temporal_norm,acceleration_norm,stage2_score,ground_truth,rank,time_window,priority_score
SLOW LEAK,water,0.7302118241568751,0.7456140350877193,0.675,0.4370880447145202,0.7296715126750145,1,1,2022-02-07 09:00:00,0.6482771507733316
Flood Light Lamp Out,electric,0.8338076085565589,0.3333333333333333,0.5277777777777778,0.5382796275008046,0.7253604491696514,1,2,2022-03-28 10:00:00,0.4888957688696635
Flood Light Lamp Out,electric,0.8338076085565589,0.2236842105263158,0.6694444444444444,0.5528985719644591,0.7141236070643884,0,3,2022-01-26 09:00:00,0.5239175015929959
SLOW LEAK,water,0.7302118241568751,0.6535087719298246,0.65,0.615417516488102,0.7115925653065935,1,4,2022-02-28 10:30:00,0.6477658135299942
STEAM PIPE/RISER,water,0.710940001111524,0.6359649122807017,0.7666666666666667,0.4785426765951745,0.7007880850552846,1,5,2022-01-21 09:00:00,0.6654707867019664
SLOW LEAK,water,0.7302118241568751,0.5964912280701754,0.5416666666666666,0.556427984868512,0.6948294074118566,1,6,2022-03-04 09:00:00,0.5700929241705821
Possible Water Main Break (Use Comments) (WA1),water,0.732775672890033,0.5482456140350878,0.6361111111111111,0.5368493131978351,0.6937603885894076,1,7,2022-01-15 09:30:00,0.5946183674862224
SLOW LEAK,water,0.7302117856038802,0.5526315789473685,0.6333333333333333,0.6202476764931526,0.6924346412694753,1,8,2022-03-14 09:30:00,0.6120257592384929
Blocked Hydrant,traffic,0.6629586233721122,0.8859649122807017,0.475,0.5444453587445511,0.6918222379733315,1,9,2022-02-28 08:30:00,0.6181612810663648
SLOW LEAK,water,0.7302118241568751,0.5307017543859649,0.6694444444444444,0.567798861895065,0.6906539688153654,1,10,2022-01-10 11:30:00,0.6109018609777372
WATER SUPPLY,water,0.7045270824834791,0.6885964912280702,0.4888888888888889,0.4334873738499155,0.6887212844418301,1,11,2022-03-10 09:30:00,0.5459516850887965
Blocked Bike Lane,traffic,0.6374690549530776,0.9385964912280702,0.5861111111111111,0.3478073311161985,0.6885905168520583,1,12,2022-02-24 09:00:00,0.6408559747381959
SLOW LEAK,water,0.7302118241568751,0.5175438596491229,0.6694444444444444,0.567798861895065,0.6882855477627339,1,13,2022-01-10 11:30:00,0.607086071504053
SLOW LEAK,water,0.7302118241568751,0.5087719298245614,0.6694444444444444,0.567798861895065,0.6867066003943129,1,14,2022-01-10 11:30:00,0.6045422118549302
SLOW LEAK,water,0.7302118241568751,0.543859649122807,0.5555555555555556,0.691198732100115,0.6861890565346637,1,15,2022-02-10 08:00:00,0.589381623194482
Blocked Hydrant,traffic,0.6629586233721122,0.8377192982456141,0.5111111111111111,0.4715810274888202,0.6853046941136824,1,16,2022-03-30 10:00:00,0.605118543432486
Possible Water Main Break (Use Comments) (WA1),water,0.732775672890033,0.5307017543859649,0.5416666666666666,0.556427984868512,0.6849358271858987,1,17,2022-03-04 09:00:00,0.551142169238819
Street Light Out,electric,0.6562072701007372,0.7719298245614035,0.7694444444444445,0.6604950081549592,0.6838315603642796,1,18,2022-01-11 08:30:00,0.7416239643403852
Blocked Bike Lane,traffic,0.6374690549530776,0.8859649122807017,0.65,0.615417516488102,0.6829501659748654,1,19,2022-02-28 10:30:00,0.7105409557715587
WATER SUPPLY,water,0.704526803873832,0.5921052631578947,0.675,0.4370880447145202,0.6825193183125333,1,20,2022-02-07 09:00:00,0.6024753558995303
SLOW LEAK,water,0.7302118241568751,0.4912280701754385,0.65,0.615417516488102,0.6823820389908041,1,21,2022-02-28 10:30:00,0.6007044100212224
SLOW LEAK,water,0.7302118241568751,0.5,0.6222222222222222,0.5014401049924522,0.6822943196925584,1,22,2022-02-28 11:00:00,0.5668130132562588
Blocked Bike Lane,traffic,0.6374690667759965,0.8859649122807017,0.6222222222222222,0.5014401049924522,0.681283508293617,1,23,2022-02-28 11:00:00,0.6741056999486184
Blocked Bike Lane,traffic,0.6374690549530776,0.8859649122807017,0.6222222222222222,0.5014401049924522,0.6812834993081986,1,24,2022-02-28 11:00:00,0.6741056993574724
Blocked Crosswalk,traffic,0.6736976604922528,0.6929824561403509,0.7361111111111112,0.4414028993530626,0.6809137307460419,1,25,2022-01-31 09:30:00,0.6585944041694576
Blocked Hydrant,traffic,0.6629586233721122,0.7982456140350878,0.5444444444444444,0.47228543086275,0.6801994309557877,1,26,2022-03-28 09:30:00,0.6088190997199585
SLOW LEAK,water,0.7302118241568751,0.4692982456140351,0.675,0.4370880447145202,0.6799346705697513,1,27,2022-02-07 09:00:00,0.5681455718259631
Possible Water Main Break (Use Comments) (WA1),water,0.732775672890033,0.4692982456140351,0.6416666666666667,0.5196897136326504,0.6798831956069513,1,28,2022-01-30 10:00:00,0.5706201147354284
Multiple Street Lights Out,electric,0.7037121590324349,0.5482456140350878,0.7694444444444445,0.6604950081549592,0.6796721180576331,1,29,2022-01-11 08:30:00,0.6791307877343387
SLOW LEAK,water,0.7302116833099318,0.5087719298245614,0.5333333333333333,0.653073049721858,0.6785398266839693,1,30,2022-03-28 09:00:00,0.5611997842562095
STEAM PIPE/RISER,water,0.710940001111524,0.5964912280701754,0.5138888888888888,0.6485218412968433,0.6785161552307232,1,31,2022-03-10 09:00:00,0.5759690428682642
SLOW LEAK,water,0.7302116833099318,0.4736842105263157,0.6333333333333333,0.6202476764931526,0.678224037210285,1,32,2022-03-14 09:30:00,0.5891310172816902
WATER SUPPLY,water,0.7045270824834791,0.5789473684210527,0.6416666666666667,0.5196897136326504,0.6781511090032335,1,33,2022-01-30 10:00:00,0.6010059308291358
SLOW LEAK,water,0.7302118241568751,0.4868421052631579,0.5888888888888889,0.5713362784633927,0.6779258986399268,1,34,2022-02-28 09:00:00,0.562675420211472
APARTMENT ONLY,water,0.6038640408968879,0.956140350877193,0.7694444444444445,0.6604950081549592,0.6772086009061963,1,35,2022-01-11 08:30:00,0.7924278555117719
Hydrant Leaking (WC1),water,0.7109980136029159,0.5614035087719298,0.5888888888888889,0.5713362784633927,0.6767444552504969,1,36,2022-02-28 09:00:00,0.5833375367013179
WATER SUPPLY,water,0.7045270824834791,0.5175438596491229,0.8,0.5770781069192336,0.6765984774242862,1,37,2022-01-31 09:00:00,0.6665004758754587
Street Light Out,electric,0.6562072701007372,0.7982456140350878,0.5638888888888889,0.6078673251921444,0.6762350691362095,1,38,2022-03-22 09:30:00,0.6457037298655628
HEAVY FLOW,water,0.6686632180955694,0.7192982456140351,0.6416666666666667,0.5196897136326504,0.676157729963159,1,39,2022-01-30 10:00:00,0.6399144919957052
SLOW LEAK,water,0.7302118241568751,0.4122807017543859,0.7666666666666667,0.4785426765951745,0.6751715126750146,1,40,2022-01-21 09:00:00,0.6015659568016023
Possible Water Main Break (Use Comments) (WA1),water,0.732775672890033,0.4736842105263157,0.5444444444444444,0.47228543086275,0.6748393359578285,1,41,2022-03-28 09:30:00,0.5181871451783107
WATER SUPPLY,water,0.7045270824834791,0.5482456140350878,0.6694444444444444,0.5528985719644591,0.6742914598804266,1,42,2022-01-26 09:00:00,0.6115762823068858
SLOW LEAK,water,0.7302118241568751,0.4342105263157895,0.675,0.4370880447145202,0.6736188810960672,1,43,2022-02-07 09:00:00,0.557970133229472
Hydrant Leaking (WC1),water,0.7109980136029159,0.4692982456140351,0.8083333333333333,0.5136718669415885,0.6733321745487424,1,44,2022-01-11 10:00:00,0.6432674839659496
SLOW LEAK,water,0.7302116015775816,0.4342105263157895,0.6694444444444444,0.567798861895065,0.6732853786024707,1,45,2022-01-10 11:30:00,0.5829193937084216
BASIN/SINK,water,0.6873956317884737,0.5789473684210527,0.7694444444444445,0.6604950081549592,0.6727978731416961,1,46,2022-01-11 08:30:00,0.6872184701440704
BASIN/SINK,water,0.6873956317884737,0.6403508771929824,0.5638888888888889,0.6078673251921444,0.6715171713873103,1,47,2022-03-22 09:30:00,0.601473674265739
SLOW LEAK,water,0.7302118241568751,0.4298245614035088,0.6416666666666667,0.5196897136326504,0.6708294074118566,1,48,2022-01-30 10:00:00,0.5590445538777179
Hydrant Leaking (WC1),water,0.7109980136029159,0.5657894736842105,0.475,0.5444453587445511,0.670700595601374,1,49,2022-02-28 08:30:00,0.5277123733849226
WATER SUPPLY,water,0.7045270824834791,0.4912280701754385,0.7666666666666667,0.4785426765951745,0.6698616353190231,1,50,2022-01-21 09:00:00,0.6231764565600378
